project_age_days,num_subscribers,num_issues,project_size(kB),num_contributors
0.5430972818311874,1.0,0.6086105218992564,0.178789530030331,0.8455114822546972
0.5924470764474931,0.008609533216634723,0.002252819483288753,0.000764547785169631,0.06480941338521248
0.6798998569384835,0.00659195781147,0.0043899520601695,0.000651161704389,0.045929018789144
0.4393776824034334,0.00659195781147,0.0086089679339253,0.0016916388304221,0.1064718162839248
0.965307582260372,0.0142386288727752,0.0250343814829491,0.0089481690744079,0.7244258872651357
0.5793991416309012,0.00659195781147,0.0062003216708235,0.0514332218787043,0.0605427974947807
0.8792918454935622,0.0787079762689518,0.2145326837758249,0.0245566417753704,0.9018789144050104
0.3213519313304721,0.03295978905735,0.1352182932798769,0.0215602123915463,0.9185803757828808
0.634656652360515,0.0352010547132498,0.0377225084108373,0.0054977850797948,0.6555323590814196
0.2244277539341917,0.0022412656558998,0.0011266248649992,0.0001368442884697,0.022964509394572
0.2140557939914163,0.0054054054054054,0.0243584065639495,0.0947733870096282,0.2004175365344467
0.4282904148783977,0.044166117336849,0.029859443835808,0.0011399852925285,0.3319415448851774
0.92310443490701,0.0346736980883322,0.0752352315019851,0.0149857653979019,0.453027139874739
0.930615164520744,0.029663810151615,0.0253374047225006,0.000776657127589,0.720250521920668
0.0895922746781116,0.0907053394858272,0.1820548083572255,0.0584698472985506,1.0
0.455829756795422,0.0029004614370468,0.0007692128388615,0.0003133273672293,0.0313152400835073
0.3966380543633762,0.0063282794990112,0.0108622176639239,0.0004036248604624,0.1920668058455114
0.69241773962804,0.0154251812788398,0.0275595751458784,0.0044142151609984,0.2505219206680584
0.498211731044349,0.0017139090309822,0.0039237624608594,0.0002111875798018,0.0730688935281837
0.42310443490701,0.0576137112722478,0.0486468846880026,0.0057918687189581,0.6137787056367432
0.09222606734389341,0.0007604586121526013,0.0042433329669635585,0.0009753263820812731,0.011880524907940074
0.5958512160228898,0.0018457481872116,0.0079718421482016,0.0001490155352807,0.0939457202505219
0.26155080616501325,0.005619307997364983,0.004104212890143396,0.0018109614795649154,0.06447654435996707
0.523247496423462,0.0034278180619644,0.00046618959931,0.0008023154316771,0.0062630480167014
0.6956366237482117,0.0002636783124588,0.0017015920374816,0.0001587196374679,0.022964509394572
0.5686695278969957,0.0558998022412656,0.0382741661033542,0.0018177921588551,0.2484342379958246
0.7805793991416309,0.0203032300593276,0.0198596769306076,0.0027421490112588,0.6409185803757829
0.5742131616595135,0.0010547132498352,0.0003962611594135,1.546077297614781e-05,0.0062630480167014
0.1976037195994277,0.0023731048121292,0.0020356945836538,0.0007736965540404,0.068893528183716
0.4272174535050071,0.0187211601845748,0.0094791885193041,0.0003437554842569,0.1002087682672233
0.5913805436337625,0.009228740936058,0.0009246093719649,0.0001888188018789,0.0626304801670146
0.802038626609442,0.008569545154911,0.006829677629892,0.0005011593112587,0.3549060542797494
0.3209942775393419,0.0102834541858932,0.0371397714116998,0.0152981059072817,0.4217118997912317
0.7825464949928469,0.0087013843111404,0.0068374474565472,0.0002180955847486,0.2212943632567849
0.4917739628040056,0.0,3.884913327583661e-05,0.0,0.0062630480167014
0.3204577968526466,0.015161502966381,0.0193313287180563,0.0013534755406459,0.4446764091858037
0.9306961397718412,0.030214929817081976,0.025344441288923065,0.0007818160298382728,0.7204349767723958
0.5413090128755365,0.0055372445616348,0.0060060760044443,0.0024367165068258,0.0876826722338204
0.4418812589413448,0.00659195781147,0.0297118171293598,0.0050237643593984,0.1565762004175365
0.5806509298998569,0.0225444957152274,0.0014141084512404,7.993548581284933e-05,0.0542797494780793
0.792203147353362,0.0035596572181938,0.0074046448023744,0.0008919550196771,0.2442588726513569
0.8512160228898427,0.0562953197099538,0.0226024257398817,0.0045476054469947,0.5553235908141962
0.2984620886981401,0.0015820698747528,0.0045686580732383,0.0043400363459745,0.0751565762004175
0.7871012362968175,0.002706365863525119,0.00662742686130507,0.001940804522216857,0.09371369457337737
0.6533431526111598,0.01123337987142632,0.010407913668057406,0.0011883880502333022,0.3708408257944873
0.8522889842632332,0.0108108108108108,0.0029680737822739,0.0034291665508479,0.3194154488517745
0.8050057906808474,0.00784174169684847,0.010603586365238499,0.006741846852059193,0.24760147718830552
0.517346208869814,0.0129202373104812,0.0339075235231502,0.0076422271868482,0.8037578288100208
0.7845135908440629,0.011206328279499,0.0115770417161993,0.0011314325244991,0.3089770354906054
0.296316165951359,0.002636783124588,0.008546809320684,0.0016500263244331,0.0876826722338204
0.3485336194563662,0.1483190507580751,0.2641585666223786,0.0413312515018742,0.8977035490605427
0.2392703862660944,0.0088332234673698,0.0158582162031965,0.0078320328465766,0.1753653444676408
0.8488912732474964,0.0826631509558338,0.0674498651935075,0.0088183972671932,0.8058455114822546
0.928648068669528,0.0110744891232696,0.0158038274166103,0.0057639077465545,0.674321503131524
0.3617668097281831,0.0034278180619644,0.0138536009261633,0.001845259702334,0.1294363256784968
0.8426323319027181,0.0023731048121292,0.0594624833919955,0.0145170079193697,0.1774530271398747
0.3608726752503576,0.0096242584047462,0.0116158908494751,0.0037862446160736,0.1419624217118997
0.8841201716738197,0.2822676334871457,0.2263661297716447,0.0270451683192971,0.8517745302713987
0.2637696709585121,0.0017139090309822,0.0079951516281671,0.000532738762444,0.1419624217118997
0.7734263233190272,0.3019116677653263,0.1451248222652152,0.0434217453798193,0.8225469728601252
0.7131616595135908,0.0139749505603164,0.0118489856491301,0.0006011609066789,0.1356993736951983
0.3703505007153075,0.0212261041529334,0.1183577694381638,0.0269774040802953,0.5762004175365344
0.6437768240343348,0.0221489782465392,0.0461450005050387,0.0068900770291894,0.3235908141962421
0.1512875536480686,0.001977587343441,0.0153842567772312,0.0038500614236773,0.1920668058455114
0.0139484978540772,0.0023731048121292,0.1389245005943917,0.071086331476012,0.7745302713987473
0.710473850860502,0.01234306747967722,0.02130834794087074,0.004655140445260076,0.17261507058350187
0.804005722460658,0.0180619644034278,0.0285385733044295,0.0105074044766832,0.5135699373695198
0.0,0.0001318391562294,0.0003107930662066,6.46391891449584e-05,0.0020876826722338
0.086552217453505,0.0321687541199736,0.0895938711607343,0.0397109953892356,0.9958246346555324
0.6900929899856938,0.017139090309822,0.0918315812374225,0.0093284382990978,0.6075156576200417
0.1988555078683834,0.002636783124588,0.0023076385165846,0.0002509908464,0.0167014613778705
0.1457439198855508,0.005273566249176,0.0279402966519816,0.0199138045458948,0.4321503131524008
0.7807246189949192,0.011888330142382894,0.01145934991999466,0.005298281800462096,0.179360141826749
0.8226037195994277,0.0081740276862228,0.0510322214711389,0.0425283100733679,0.208768267223382
0.9569027181688128,0.0354647330257086,0.0144674172319215,0.0022760231536588,0.4091858037578287
0.4454577968526466,0.0073829927488464,0.0064334164704785,0.0001301007598312,0.2150313152400834
0.5872675250357654,0.0025049439683586,0.0026184315827913,0.0001162847499376,0.0730688935281837
0.480865522174535,0.0030323005932762,0.0129678406874742,0.0026521804706423,0.127348643006263
0.757689556509299,0.029004614370468,0.0646682672509576,0.0335942859614701,0.7995824634655532
0.8975321888412017,0.0146341463414634,0.0983038468411769,0.0760377262597775,0.4947807933194154
0.7088698140200286,0.0181938035596572,0.0222760930203647,0.009541764070907,0.3465553235908142
0.851931330472103,0.1748187211601845,0.0506670396183461,0.0021518435409249,0.8350730688935282
0.665414878397711,0.0030323005932762,0.0024552652230328,0.0015847292300551,0.0897703549060542
0.6314377682403434,0.003955174686882,0.0034109539016184,0.0005636603083963,0.1294363256784968
0.4408082975679542,0.0122610415293342,0.0160835411761963,0.0005528048720514,0.37160751565762
0.234620886981402,0.011865524060646,0.0279169871720161,0.0037176579955305,0.0668058455114822
0.01352001921416975,0.00022587274716189757,0.00032187664292549536,0.0003694154260693088,0.0020876826722338
0.5008941344778255,0.0054054054054054,0.016161239442748,0.0034987400292405,0.2129436325678496
0.3642703862660944,0.05273566249176,0.0744660186631236,0.0415475378472321,0.801670146137787
0.2567954220314735,0.0029004614370468,0.0025018841829638,0.0002347076918825,0.0542797494780793
0.2997138769670958,0.0127883981542518,0.0318873685928066,0.0034505484709213,0.2379958246346555
0.7415951359084406,0.0022412656558998,0.0001320870531378,0.0042351004613067,0.0125260960334029
0.6763233190271817,0.0010547132498352,0.0017249015174471,0.0098988421361327,0.0208768267223382
0.2002861230329041,0.0029004614370468,0.0416695803516623,0.0175863003077516,0.1231732776617954
0.1407367668097282,0.000659195781147,0.0016005842909644,0.0007181035618495,0.0271398747390396
0.7848679748882682,0.008806715545565065,0.008340987450118707,0.0026691649784902705,0.3525587977386337
0.805587261563794,0.008510973248463467,0.006898715322937936,0.00047823920306559693,0.3511960926062251
0.3084763948497854,0.012524719841793,0.0103260996247173,0.0081659197523381,0.196242171189979
0.6076537911301859,0.001318391562294,0.0023775669564812,0.0001133241763889,0.0271398747390396
0.4246973493387918,0.016473061144107265,0.008775131297182062,0.0003238913415553784,0.09491307714082305
0.9699570815450644,0.0622280817402768,0.067379936753611,0.0057999280580627,0.8225469728601252
0.7235336194563662,0.0060646011865524,0.0211106190220896,0.0030410024633616,0.1649269311064718
0.42524947683238246,0.017668560896835245,0.009420507681331937,0.0004279227872926916,0.10583984483263585
0.4858726752503576,0.0050098879367172,0.0113128676099236,0.0042438177056443,0.8267223382045928
0.7284139279915847,0.011739140198971022,0.01809842441848912,0.004080403488699574,0.3080394579815628
